Assistant,Value
Alexa,0.11825263157894736
Cortana,0.11547333333333332
Hey Google,0.2893294117647059
Siri,0.2883318181818182
